ndads,rep,acc_all,acc_fs,acc_hs,nfamilies
500.0000,97.0000,0.5421,0.8000,0.4733,3.0000
100.0000,94.0000,0.2105,1.0000,0.0000,1.0000
100.0000,14.0000,1.0000,1.0000,1.0000,4.0000
2000.0000,88.0000,1.0000,1.0000,1.0000,4.0000
100.0000,58.0000,0.2105,1.0000,0.0000,1.0000
500.0000,73.0000,0.2105,1.0000,0.0000,1.0000
500.0000,35.0000,0.2105,1.0000,0.0000,1.0000
100.0000,36.0000,0.6368,0.9000,0.5667,3.0000
1000.0000,75.0000,0.8684,1.0000,0.8333,3.0000
500.0000,51.0000,0.2105,1.0000,0.0000,1.0000
1000.0000,92.0000,0.2105,1.0000,0.0000,1.0000
250.0000,34.0000,0.2105,1.0000,0.0000,1.0000
250.0000,20.0000,0.6158,0.7000,0.5933,3.0000
1000.0000,67.0000,0.2105,1.0000,0.0000,1.0000
500.0000,21.0000,0.6053,1.0000,0.5000,2.0000
250.0000,42.0000,0.2105,1.0000,0.0000,1.0000
250.0000,6.0000,0.6053,1.0000,0.5000,2.0000
1000.0000,2.0000,0.2105,1.0000,0.0000,1.0000
2000.0000,17.0000,0.2105,1.0000,0.0000,1.0000
1000.0000,10.0000,0.6053,1.0000,0.5000,2.0000
1000.0000,86.0000,0.6053,1.0000,0.5000,2.0000
2000.0000,2.0000,0.2105,1.0000,0.0000,1.0000
100.0000,95.0000,0.2105,1.0000,0.0000,1.0000
250.0000,96.0000,0.2105,1.0000,0.0000,1.0000
100.0000,96.0000,0.2105,1.0000,0.0000,1.0000
2000.0000,89.0000,0.2105,1.0000,0.0000,1.0000
250.0000,70.0000,0.2105,1.0000,0.0000,1.0000
500.0000,66.0000,0.2105,1.0000,0.0000,1.0000
100.0000,88.0000,0.2105,1.0000,0.0000,1.0000
100.0000,38.0000,0.2105,1.0000,0.0000,1.0000
500.0000,72.0000,0.2105,1.0000,0.0000,1.0000
2000.0000,3.0000,0.2105,1.0000,0.0000,1.0000
2000.0000,53.0000,0.2105,1.0000,0.0000,1.0000
250.0000,93.0000,0.2105,1.0000,0.0000,1.0000
2000.0000,96.0000,1.0000,1.0000,1.0000,4.0000
2000.0000,84.0000,0.2105,1.0000,0.0000,1.0000
250.0000,13.0000,0.2105,1.0000,0.0000,1.0000
100.0000,92.0000,0.2105,1.0000,0.0000,1.0000
250.0000,83.0000,0.2105,1.0000,0.0000,1.0000
250.0000,54.0000,0.2105,1.0000,0.0000,1.0000
100.0000,78.0000,0.2105,1.0000,0.0000,1.0000
500.0000,43.0000,0.2105,1.0000,0.0000,1.0000
250.0000,0.0000,1.0000,1.0000,1.0000,4.0000
100.0000,44.0000,0.2105,1.0000,0.0000,1.0000
2000.0000,9.0000,0.2105,1.0000,0.0000,1.0000
100.0000,3.0000,0.2105,1.0000,0.0000,1.0000
500.0000,2.0000,0.2105,1.0000,0.0000,1.0000
1000.0000,16.0000,0.2105,1.0000,0.0000,1.0000
1000.0000,11.0000,0.8684,1.0000,0.8333,3.0000
100.0000,42.0000,0.2105,1.0000,0.0000,1.0000
2000.0000,51.0000,0.6053,1.0000,0.5000,2.0000
100.0000,76.0000,1.0000,1.0000,1.0000,4.0000
250.0000,85.0000,0.2684,0.9000,0.1000,2.0000
500.0000,24.0000,0.2684,0.9000,0.1000,2.0000
250.0000,63.0000,0.4158,0.8500,0.3000,2.0000
500.0000,1.0000,0.8684,1.0000,0.8333,3.0000
250.0000,7.0000,0.2105,1.0000,0.0000,1.0000
2000.0000,75.0000,0.6053,1.0000,0.5000,2.0000
2000.0000,41.0000,0.2105,1.0000,0.0000,1.0000
1000.0000,49.0000,0.2105,1.0000,0.0000,1.0000
500.0000,6.0000,0.2105,1.0000,0.0000,1.0000
500.0000,46.0000,0.2105,1.0000,0.0000,1.0000
100.0000,16.0000,0.4158,0.8500,0.3000,2.0000
2000.0000,16.0000,0.5053,0.9000,0.4000,2.0000
1000.0000,47.0000,0.2105,1.0000,0.0000,1.0000
250.0000,40.0000,0.7368,1.0000,0.6667,2.0000
500.0000,48.0000,1.0000,1.0000,1.0000,4.0000
100.0000,67.0000,0.2105,1.0000,0.0000,1.0000
250.0000,65.0000,0.2105,1.0000,0.0000,1.0000
250.0000,23.0000,0.2105,1.0000,0.0000,1.0000
500.0000,8.0000,0.4158,0.8500,0.3000,2.0000
250.0000,53.0000,0.7947,0.9000,0.7667,3.0000
100.0000,82.0000,0.2105,1.0000,0.0000,1.0000
1000.0000,45.0000,0.2105,1.0000,0.0000,1.0000
1000.0000,54.0000,0.6053,1.0000,0.5000,2.0000
500.0000,38.0000,0.6053,1.0000,0.5000,2.0000
1000.0000,41.0000,0.6053,1.0000,0.5000,2.0000
250.0000,68.0000,0.2105,1.0000,0.0000,1.0000
1000.0000,96.0000,0.2105,1.0000,0.0000,1.0000
2000.0000,99.0000,1.0000,1.0000,1.0000,4.0000
1000.0000,0.0000,0.6053,1.0000,0.5000,2.0000
250.0000,94.0000,0.2105,1.0000,0.0000,1.0000
2000.0000,62.0000,0.2105,1.0000,0.0000,1.0000
1000.0000,50.0000,0.2105,1.0000,0.0000,1.0000
1000.0000,98.0000,0.2105,1.0000,0.0000,1.0000
100.0000,37.0000,1.0000,1.0000,1.0000,4.0000
2000.0000,25.0000,0.2105,1.0000,0.0000,1.0000
2000.0000,23.0000,0.2105,1.0000,0.0000,1.0000
100.0000,5.0000,0.6053,1.0000,0.5000,2.0000
2000.0000,55.0000,0.2684,0.9000,0.1000,2.0000
2000.0000,66.0000,0.2105,1.0000,0.0000,1.0000
2000.0000,18.0000,1.0000,1.0000,1.0000,4.0000
250.0000,11.0000,0.2105,1.0000,0.0000,1.0000
1000.0000,38.0000,0.2105,1.0000,0.0000,1.0000
1000.0000,77.0000,0.2105,1.0000,0.0000,1.0000
250.0000,66.0000,0.2105,1.0000,0.0000,1.0000
500.0000,41.0000,0.2105,1.0000,0.0000,1.0000
250.0000,31.0000,1.0000,1.0000,1.0000,4.0000
500.0000,12.0000,0.2105,1.0000,0.0000,1.0000
1000.0000,29.0000,0.2105,1.0000,0.0000,1.0000
100.0000,47.0000,1.0000,1.0000,1.0000,4.0000
1000.0000,58.0000,0.2105,1.0000,0.0000,1.0000
500.0000,52.0000,0.2105,1.0000,0.0000,1.0000
500.0000,68.0000,0.2105,1.0000,0.0000,1.0000
500.0000,17.0000,0.6789,0.8500,0.6333,3.0000
100.0000,64.0000,0.2105,1.0000,0.0000,1.0000
100.0000,63.0000,0.2105,1.0000,0.0000,1.0000
250.0000,52.0000,0.2105,1.0000,0.0000,1.0000
250.0000,9.0000,0.5053,0.9000,0.4000,2.0000
250.0000,27.0000,1.0000,1.0000,1.0000,4.0000
1000.0000,6.0000,0.2105,1.0000,0.0000,1.0000
500.0000,67.0000,0.8684,1.0000,0.8333,3.0000
250.0000,51.0000,0.2105,1.0000,0.0000,1.0000
500.0000,28.0000,1.0000,1.0000,1.0000,4.0000
250.0000,78.0000,0.2105,1.0000,0.0000,1.0000
2000.0000,33.0000,0.2105,1.0000,0.0000,1.0000
100.0000,18.0000,0.4053,0.8000,0.3000,3.0000
500.0000,3.0000,0.2105,1.0000,0.0000,1.0000
1000.0000,28.0000,0.2105,1.0000,0.0000,1.0000
1000.0000,48.0000,1.0000,1.0000,1.0000,4.0000
1000.0000,91.0000,0.5947,0.7500,0.5533,3.0000
500.0000,25.0000,0.2105,1.0000,0.0000,1.0000
100.0000,6.0000,0.2105,1.0000,0.0000,1.0000
1000.0000,31.0000,1.0000,1.0000,1.0000,4.0000
1000.0000,17.0000,0.8684,1.0000,0.8333,3.0000
2000.0000,5.0000,0.2105,1.0000,0.0000,1.0000
2000.0000,82.0000,0.2105,1.0000,0.0000,1.0000
500.0000,90.0000,1.0000,1.0000,1.0000,4.0000
500.0000,18.0000,0.2105,1.0000,0.0000,1.0000
2000.0000,40.0000,0.2684,0.9000,0.1000,2.0000
2000.0000,76.0000,0.2105,1.0000,0.0000,1.0000
100.0000,86.0000,0.6053,1.0000,0.5000,2.0000
100.0000,65.0000,0.2105,1.0000,0.0000,1.0000
2000.0000,4.0000,0.6053,1.0000,0.5000,2.0000
1000.0000,4.0000,0.2105,1.0000,0.0000,1.0000
100.0000,35.0000,1.0000,1.0000,1.0000,4.0000
100.0000,98.0000,0.2105,1.0000,0.0000,1.0000
250.0000,82.0000,0.6053,1.0000,0.5000,2.0000
250.0000,16.0000,0.2105,1.0000,0.0000,1.0000
2000.0000,19.0000,0.6053,1.0000,0.5000,2.0000
1000.0000,85.0000,0.6053,1.0000,0.5000,2.0000
1000.0000,87.0000,0.2105,1.0000,0.0000,1.0000
2000.0000,8.0000,0.2105,1.0000,0.0000,1.0000
250.0000,99.0000,1.0000,1.0000,1.0000,4.0000
2000.0000,92.0000,0.8684,1.0000,0.8333,3.0000
250.0000,18.0000,0.6053,1.0000,0.5000,2.0000
2000.0000,79.0000,1.0000,1.0000,1.0000,4.0000
100.0000,46.0000,0.2105,1.0000,0.0000,1.0000
100.0000,77.0000,1.0000,1.0000,1.0000,4.0000
2000.0000,31.0000,0.2105,1.0000,0.0000,1.0000
1000.0000,66.0000,0.2105,1.0000,0.0000,1.0000
500.0000,75.0000,0.2684,0.9000,0.1000,2.0000
100.0000,89.0000,0.6053,1.0000,0.5000,2.0000
250.0000,38.0000,0.2105,1.0000,0.0000,1.0000
100.0000,87.0000,0.2105,1.0000,0.0000,1.0000
1000.0000,43.0000,0.2105,1.0000,0.0000,1.0000
1000.0000,93.0000,0.2105,1.0000,0.0000,1.0000
1000.0000,39.0000,1.0000,1.0000,1.0000,4.0000
2000.0000,60.0000,0.2105,1.0000,0.0000,1.0000
500.0000,15.0000,0.2105,1.0000,0.0000,1.0000
1000.0000,24.0000,1.0000,1.0000,1.0000,4.0000
1000.0000,79.0000,0.2105,1.0000,0.0000,1.0000
2000.0000,36.0000,0.8684,1.0000,0.8333,3.0000
2000.0000,39.0000,0.2105,1.0000,0.0000,1.0000
250.0000,90.0000,0.2105,1.0000,0.0000,1.0000
250.0000,37.0000,0.2105,1.0000,0.0000,1.0000
500.0000,83.0000,1.0000,1.0000,1.0000,4.0000
250.0000,15.0000,1.0000,1.0000,1.0000,4.0000
500.0000,11.0000,0.2105,1.0000,0.0000,1.0000
500.0000,86.0000,0.2105,1.0000,0.0000,1.0000
100.0000,68.0000,0.2105,1.0000,0.0000,1.0000
100.0000,49.0000,0.6053,1.0000,0.5000,2.0000
250.0000,17.0000,0.6053,1.0000,0.5000,2.0000
250.0000,73.0000,0.5053,0.9000,0.4000,2.0000
100.0000,71.0000,0.2684,0.9000,0.1000,2.0000
1000.0000,74.0000,0.2105,1.0000,0.0000,1.0000
100.0000,48.0000,0.2105,1.0000,0.0000,1.0000
100.0000,12.0000,0.2105,1.0000,0.0000,1.0000
1000.0000,26.0000,0.2105,1.0000,0.0000,1.0000
2000.0000,69.0000,0.2105,1.0000,0.0000,1.0000
250.0000,14.0000,1.0000,1.0000,1.0000,4.0000
250.0000,84.0000,0.2105,1.0000,0.0000,1.0000
1000.0000,60.0000,0.2105,1.0000,0.0000,1.0000
2000.0000,85.0000,0.2105,1.0000,0.0000,1.0000
250.0000,50.0000,0.2105,1.0000,0.0000,1.0000
2000.0000,0.0000,0.2105,1.0000,0.0000,1.0000
1000.0000,89.0000,0.2105,1.0000,0.0000,1.0000
250.0000,12.0000,1.0000,1.0000,1.0000,4.0000
500.0000,54.0000,0.7316,0.8500,0.7000,3.0000
500.0000,36.0000,0.2105,1.0000,0.0000,1.0000
2000.0000,48.0000,1.0000,1.0000,1.0000,4.0000
500.0000,60.0000,1.0000,1.0000,1.0000,4.0000
250.0000,25.0000,0.2684,0.9000,0.1000,2.0000
2000.0000,68.0000,0.2105,1.0000,0.0000,1.0000
2000.0000,57.0000,0.2105,1.0000,0.0000,1.0000
2000.0000,95.0000,0.2105,1.0000,0.0000,1.0000
100.0000,81.0000,0.2105,1.0000,0.0000,1.0000
2000.0000,26.0000,0.6053,1.0000,0.5000,2.0000
1000.0000,88.0000,0.2105,1.0000,0.0000,1.0000
500.0000,79.0000,0.2105,1.0000,0.0000,1.0000
1000.0000,44.0000,0.2105,1.0000,0.0000,1.0000
1000.0000,83.0000,0.2105,1.0000,0.0000,1.0000
1000.0000,55.0000,0.2684,0.9000,0.1000,2.0000
500.0000,31.0000,0.2684,0.9000,0.1000,2.0000
100.0000,25.0000,0.6053,1.0000,0.5000,2.0000
1000.0000,1.0000,0.2105,1.0000,0.0000,1.0000
1000.0000,46.0000,0.2684,0.9000,0.1000,2.0000
250.0000,36.0000,1.0000,1.0000,1.0000,4.0000
100.0000,80.0000,0.6053,1.0000,0.5000,2.0000
2000.0000,27.0000,0.2105,1.0000,0.0000,1.0000
100.0000,62.0000,0.2105,1.0000,0.0000,1.0000
250.0000,39.0000,0.2105,1.0000,0.0000,1.0000
100.0000,60.0000,0.2105,1.0000,0.0000,1.0000
100.0000,20.0000,0.2105,1.0000,0.0000,1.0000
100.0000,1.0000,0.3316,0.8250,0.2000,3.0000
2000.0000,90.0000,0.3368,0.8500,0.2000,2.0000
100.0000,66.0000,0.2105,1.0000,0.0000,1.0000
250.0000,22.0000,0.2105,1.0000,0.0000,1.0000
250.0000,33.0000,0.2105,1.0000,0.0000,1.0000
500.0000,22.0000,0.2105,1.0000,0.0000,1.0000
2000.0000,73.0000,0.7158,0.8000,0.6933,3.0000
250.0000,32.0000,0.2105,1.0000,0.0000,1.0000
250.0000,4.0000,0.2105,1.0000,0.0000,1.0000
1000.0000,65.0000,0.2105,1.0000,0.0000,1.0000
1000.0000,99.0000,0.2105,1.0000,0.0000,1.0000
1000.0000,63.0000,0.6053,1.0000,0.5000,2.0000
500.0000,92.0000,1.0000,1.0000,1.0000,4.0000
2000.0000,32.0000,0.6053,1.0000,0.5000,2.0000
2000.0000,28.0000,0.2105,1.0000,0.0000,1.0000
1000.0000,23.0000,0.2105,1.0000,0.0000,1.0000
500.0000,42.0000,0.2105,1.0000,0.0000,1.0000
2000.0000,87.0000,0.2105,1.0000,0.0000,1.0000
500.0000,27.0000,0.2105,1.0000,0.0000,1.0000
500.0000,10.0000,0.2105,1.0000,0.0000,1.0000
1000.0000,21.0000,0.2105,1.0000,0.0000,1.0000
250.0000,62.0000,0.2105,1.0000,0.0000,1.0000
250.0000,30.0000,0.6053,1.0000,0.5000,2.0000
1000.0000,33.0000,1.0000,1.0000,1.0000,4.0000
100.0000,70.0000,0.2105,1.0000,0.0000,1.0000
2000.0000,14.0000,1.0000,1.0000,1.0000,4.0000
100.0000,9.0000,0.2105,1.0000,0.0000,1.0000
500.0000,4.0000,1.0000,1.0000,1.0000,4.0000
2000.0000,91.0000,0.2105,1.0000,0.0000,1.0000
250.0000,88.0000,0.2105,1.0000,0.0000,1.0000
500.0000,91.0000,0.2105,1.0000,0.0000,1.0000
250.0000,92.0000,0.6368,0.9000,0.5667,3.0000
1000.0000,61.0000,0.2105,1.0000,0.0000,1.0000
500.0000,64.0000,0.2684,0.9000,0.1000,2.0000
250.0000,98.0000,0.2105,1.0000,0.0000,1.0000
100.0000,97.0000,1.0000,1.0000,1.0000,4.0000
500.0000,84.0000,0.7947,0.9000,0.7667,3.0000
100.0000,59.0000,0.2105,1.0000,0.0000,1.0000
1000.0000,81.0000,0.2105,1.0000,0.0000,1.0000
500.0000,59.0000,0.9158,0.8500,0.9333,4.0000
500.0000,96.0000,0.2105,1.0000,0.0000,1.0000
2000.0000,49.0000,0.2105,1.0000,0.0000,1.0000
250.0000,57.0000,1.0000,1.0000,1.0000,4.0000
1000.0000,13.0000,0.6053,1.0000,0.5000,2.0000
100.0000,8.0000,0.2105,1.0000,0.0000,1.0000
100.0000,32.0000,0.2105,1.0000,0.0000,1.0000
250.0000,46.0000,0.2105,1.0000,0.0000,1.0000
250.0000,5.0000,0.2105,1.0000,0.0000,1.0000
500.0000,44.0000,0.2105,1.0000,0.0000,1.0000
2000.0000,21.0000,0.2105,1.0000,0.0000,1.0000
500.0000,98.0000,0.2105,1.0000,0.0000,1.0000
2000.0000,34.0000,1.0000,1.0000,1.0000,4.0000
2000.0000,12.0000,0.2105,1.0000,0.0000,1.0000
500.0000,65.0000,0.2105,1.0000,0.0000,1.0000
100.0000,85.0000,0.2105,1.0000,0.0000,1.0000
100.0000,11.0000,0.2105,1.0000,0.0000,1.0000
500.0000,80.0000,0.6368,0.9000,0.5667,3.0000
1000.0000,72.0000,0.2105,1.0000,0.0000,1.0000
2000.0000,83.0000,0.2105,1.0000,0.0000,1.0000
100.0000,30.0000,0.2105,1.0000,0.0000,1.0000
100.0000,74.0000,0.2105,1.0000,0.0000,1.0000
2000.0000,77.0000,0.2105,1.0000,0.0000,1.0000
500.0000,82.0000,0.6053,1.0000,0.5000,2.0000
2000.0000,42.0000,0.2105,1.0000,0.0000,1.0000
1000.0000,3.0000,0.2105,1.0000,0.0000,1.0000
1000.0000,14.0000,0.2105,1.0000,0.0000,1.0000
2000.0000,15.0000,0.2105,1.0000,0.0000,1.0000
250.0000,56.0000,0.6053,1.0000,0.5000,2.0000
250.0000,10.0000,0.2105,1.0000,0.0000,1.0000
2000.0000,37.0000,0.6053,1.0000,0.5000,2.0000
500.0000,93.0000,0.2105,1.0000,0.0000,1.0000
2000.0000,93.0000,0.2105,1.0000,0.0000,1.0000
2000.0000,46.0000,0.2105,1.0000,0.0000,1.0000
250.0000,21.0000,0.6368,0.9000,0.5667,3.0000
500.0000,16.0000,0.2105,1.0000,0.0000,1.0000
250.0000,95.0000,0.2105,1.0000,0.0000,1.0000
2000.0000,11.0000,0.2105,1.0000,0.0000,1.0000
100.0000,29.0000,0.7895,0.7000,0.8133,4.0000
2000.0000,94.0000,0.5053,0.9000,0.4000,2.0000
500.0000,37.0000,1.0000,1.0000,1.0000,4.0000
1000.0000,90.0000,0.2105,1.0000,0.0000,1.0000
2000.0000,43.0000,0.2105,1.0000,0.0000,1.0000
100.0000,54.0000,1.0000,1.0000,1.0000,4.0000
1000.0000,22.0000,0.6053,1.0000,0.5000,2.0000
100.0000,2.0000,0.2105,1.0000,0.0000,1.0000
2000.0000,30.0000,0.2105,1.0000,0.0000,1.0000
1000.0000,97.0000,0.2684,0.9000,0.1000,2.0000
250.0000,2.0000,0.6053,1.0000,0.5000,2.0000
100.0000,79.0000,0.2105,1.0000,0.0000,1.0000
100.0000,31.0000,0.2105,1.0000,0.0000,1.0000
1000.0000,71.0000,0.8684,1.0000,0.8333,3.0000
1000.0000,5.0000,0.2105,1.0000,0.0000,1.0000
250.0000,55.0000,0.6053,1.0000,0.5000,2.0000
100.0000,57.0000,0.2105,1.0000,0.0000,1.0000
2000.0000,61.0000,0.2105,1.0000,0.0000,1.0000
100.0000,7.0000,0.2105,1.0000,0.0000,1.0000
500.0000,5.0000,0.2105,1.0000,0.0000,1.0000
500.0000,50.0000,0.2105,1.0000,0.0000,1.0000
500.0000,14.0000,0.2105,1.0000,0.0000,1.0000
1000.0000,64.0000,0.2105,1.0000,0.0000,1.0000
1000.0000,37.0000,0.2105,1.0000,0.0000,1.0000
100.0000,51.0000,0.2105,1.0000,0.0000,1.0000
250.0000,35.0000,0.2105,1.0000,0.0000,1.0000
100.0000,22.0000,0.2105,1.0000,0.0000,1.0000
500.0000,69.0000,0.2105,1.0000,0.0000,1.0000
1000.0000,94.0000,0.2105,1.0000,0.0000,1.0000
1000.0000,82.0000,0.2105,1.0000,0.0000,1.0000
2000.0000,10.0000,0.2105,1.0000,0.0000,1.0000
500.0000,76.0000,0.3368,0.8500,0.2000,2.0000
250.0000,75.0000,1.0000,1.0000,1.0000,4.0000
1000.0000,51.0000,0.2105,1.0000,0.0000,1.0000
2000.0000,97.0000,0.2105,1.0000,0.0000,1.0000
1000.0000,59.0000,0.2105,1.0000,0.0000,1.0000
2000.0000,70.0000,0.2105,1.0000,0.0000,1.0000
1000.0000,32.0000,0.2105,1.0000,0.0000,1.0000
100.0000,45.0000,0.2105,1.0000,0.0000,1.0000
100.0000,83.0000,0.2105,1.0000,0.0000,1.0000
500.0000,56.0000,0.8684,1.0000,0.8333,3.0000
1000.0000,42.0000,0.2105,1.0000,0.0000,1.0000
1000.0000,84.0000,0.6053,1.0000,0.5000,2.0000
500.0000,30.0000,0.2105,1.0000,0.0000,1.0000
100.0000,41.0000,0.2105,1.0000,0.0000,1.0000
2000.0000,72.0000,0.2105,1.0000,0.0000,1.0000
500.0000,45.0000,0.8684,1.0000,0.8333,3.0000
2000.0000,24.0000,0.2105,1.0000,0.0000,1.0000
2000.0000,56.0000,0.2105,1.0000,0.0000,1.0000
2000.0000,44.0000,0.2105,1.0000,0.0000,1.0000
250.0000,89.0000,0.2105,1.0000,0.0000,1.0000
2000.0000,67.0000,0.2105,1.0000,0.0000,1.0000
1000.0000,7.0000,0.5053,0.9000,0.4000,2.0000
500.0000,13.0000,0.2105,1.0000,0.0000,1.0000
250.0000,64.0000,0.2105,1.0000,0.0000,1.0000
1000.0000,35.0000,0.8737,0.9000,0.8667,4.0000
2000.0000,47.0000,0.2105,1.0000,0.0000,1.0000
2000.0000,1.0000,0.2105,1.0000,0.0000,1.0000
100.0000,27.0000,0.2105,1.0000,0.0000,1.0000
250.0000,47.0000,0.2105,1.0000,0.0000,1.0000
100.0000,75.0000,0.2105,1.0000,0.0000,1.0000
100.0000,43.0000,0.2105,1.0000,0.0000,1.0000
1000.0000,18.0000,0.2105,1.0000,0.0000,1.0000
500.0000,34.0000,1.0000,1.0000,1.0000,4.0000
250.0000,28.0000,0.2105,1.0000,0.0000,1.0000
2000.0000,13.0000,0.2105,1.0000,0.0000,1.0000
100.0000,26.0000,1.0000,1.0000,1.0000,4.0000
250.0000,48.0000,1.0000,1.0000,1.0000,4.0000
1000.0000,9.0000,0.2105,1.0000,0.0000,1.0000
250.0000,26.0000,0.2105,1.0000,0.0000,1.0000
250.0000,43.0000,0.2105,1.0000,0.0000,1.0000
1000.0000,78.0000,0.2105,1.0000,0.0000,1.0000
250.0000,69.0000,1.0000,1.0000,1.0000,4.0000
500.0000,85.0000,0.2105,1.0000,0.0000,1.0000
100.0000,93.0000,0.6053,1.0000,0.5000,2.0000
100.0000,52.0000,1.0000,1.0000,1.0000,4.0000
500.0000,55.0000,1.0000,1.0000,1.0000,4.0000
100.0000,13.0000,0.2105,1.0000,0.0000,1.0000
250.0000,58.0000,0.2684,0.9000,0.1000,2.0000
1000.0000,15.0000,0.2105,1.0000,0.0000,1.0000
2000.0000,20.0000,0.2105,1.0000,0.0000,1.0000
250.0000,97.0000,0.2105,1.0000,0.0000,1.0000
1000.0000,8.0000,0.2105,1.0000,0.0000,1.0000
1000.0000,68.0000,0.2105,1.0000,0.0000,1.0000
500.0000,62.0000,0.2105,1.0000,0.0000,1.0000
500.0000,33.0000,0.2105,1.0000,0.0000,1.0000
2000.0000,64.0000,0.2105,1.0000,0.0000,1.0000
500.0000,81.0000,0.6053,1.0000,0.5000,2.0000
2000.0000,58.0000,0.2105,1.0000,0.0000,1.0000
250.0000,3.0000,0.2105,1.0000,0.0000,1.0000
500.0000,53.0000,1.0000,1.0000,1.0000,4.0000
250.0000,19.0000,0.2684,0.9000,0.1000,2.0000
100.0000,90.0000,0.6053,1.0000,0.5000,2.0000
2000.0000,52.0000,0.8684,1.0000,0.8333,3.0000
100.0000,4.0000,0.2684,0.9000,0.1000,2.0000
100.0000,84.0000,0.9526,0.9000,0.9667,4.0000
2000.0000,35.0000,0.6053,1.0000,0.5000,2.0000
250.0000,1.0000,0.2105,1.0000,0.0000,1.0000
500.0000,74.0000,0.2105,1.0000,0.0000,1.0000
100.0000,55.0000,0.2105,1.0000,0.0000,1.0000
1000.0000,76.0000,0.2105,1.0000,0.0000,1.0000
500.0000,47.0000,0.2105,1.0000,0.0000,1.0000
500.0000,89.0000,0.2105,1.0000,0.0000,1.0000
1000.0000,19.0000,0.2105,1.0000,0.0000,1.0000
1000.0000,30.0000,0.2105,1.0000,0.0000,1.0000
250.0000,81.0000,0.4053,0.8000,0.3000,3.0000
2000.0000,54.0000,0.2105,1.0000,0.0000,1.0000
1000.0000,36.0000,0.2105,1.0000,0.0000,1.0000
250.0000,67.0000,0.2105,1.0000,0.0000,1.0000
1000.0000,40.0000,0.5053,0.9000,0.4000,2.0000
500.0000,19.0000,0.7947,0.9000,0.7667,3.0000
250.0000,77.0000,0.2105,1.0000,0.0000,1.0000
500.0000,78.0000,0.2105,1.0000,0.0000,1.0000
500.0000,94.0000,0.2105,1.0000,0.0000,1.0000
500.0000,39.0000,0.2105,1.0000,0.0000,1.0000
500.0000,7.0000,0.2105,1.0000,0.0000,1.0000
100.0000,33.0000,0.2105,1.0000,0.0000,1.0000
1000.0000,52.0000,0.2105,1.0000,0.0000,1.0000
100.0000,56.0000,1.0000,1.0000,1.0000,4.0000
250.0000,59.0000,0.2105,1.0000,0.0000,1.0000
2000.0000,29.0000,0.2105,1.0000,0.0000,1.0000
2000.0000,45.0000,0.2105,1.0000,0.0000,1.0000
1000.0000,25.0000,0.6053,1.0000,0.5000,2.0000
1000.0000,12.0000,0.3368,0.8500,0.2000,2.0000
250.0000,45.0000,0.2105,1.0000,0.0000,1.0000
500.0000,40.0000,1.0000,1.0000,1.0000,4.0000
1000.0000,57.0000,0.2105,1.0000,0.0000,1.0000
250.0000,41.0000,0.2105,1.0000,0.0000,1.0000
250.0000,72.0000,0.9526,0.9000,0.9667,4.0000
250.0000,60.0000,0.2105,1.0000,0.0000,1.0000
1000.0000,70.0000,0.2105,1.0000,0.0000,1.0000
500.0000,63.0000,0.2105,1.0000,0.0000,1.0000
500.0000,20.0000,1.0000,1.0000,1.0000,4.0000
500.0000,0.0000,0.5737,0.8500,0.5000,3.0000
250.0000,86.0000,0.5053,0.9000,0.4000,2.0000
2000.0000,71.0000,0.2105,1.0000,0.0000,1.0000
250.0000,8.0000,0.2105,1.0000,0.0000,1.0000
1000.0000,69.0000,0.2684,0.9000,0.1000,2.0000
100.0000,40.0000,0.2105,1.0000,0.0000,1.0000
2000.0000,80.0000,0.2105,1.0000,0.0000,1.0000
250.0000,49.0000,0.8368,0.8500,0.8333,3.0000
2000.0000,7.0000,0.2105,1.0000,0.0000,1.0000
500.0000,29.0000,0.2105,1.0000,0.0000,1.0000
2000.0000,81.0000,0.2105,1.0000,0.0000,1.0000
2000.0000,98.0000,0.2105,1.0000,0.0000,1.0000
2000.0000,38.0000,1.0000,1.0000,1.0000,4.0000
2000.0000,65.0000,0.2105,1.0000,0.0000,1.0000
100.0000,50.0000,0.7947,0.9000,0.7667,3.0000
250.0000,76.0000,0.2684,0.9000,0.1000,2.0000
2000.0000,63.0000,0.2105,1.0000,0.0000,1.0000
250.0000,80.0000,0.2105,1.0000,0.0000,1.0000
500.0000,58.0000,0.2105,1.0000,0.0000,1.0000
250.0000,44.0000,0.5947,0.8000,0.5400,3.0000
1000.0000,27.0000,0.2105,1.0000,0.0000,1.0000
100.0000,0.0000,0.2105,1.0000,0.0000,1.0000
100.0000,23.0000,0.2105,1.0000,0.0000,1.0000
250.0000,87.0000,0.2684,0.9000,0.1000,2.0000
100.0000,10.0000,0.8684,0.7000,0.9133,4.0000
250.0000,24.0000,0.2105,1.0000,0.0000,1.0000
100.0000,91.0000,0.4158,0.8500,0.3000,2.0000
1000.0000,56.0000,0.2105,1.0000,0.0000,1.0000
2000.0000,86.0000,0.2105,1.0000,0.0000,1.0000
500.0000,23.0000,0.2105,1.0000,0.0000,1.0000
2000.0000,78.0000,0.2105,1.0000,0.0000,1.0000
2000.0000,6.0000,0.3316,0.8250,0.2000,3.0000
100.0000,28.0000,0.2105,1.0000,0.0000,1.0000
100.0000,69.0000,0.2105,1.0000,0.0000,1.0000
1000.0000,95.0000,0.8684,1.0000,0.8333,3.0000
1000.0000,80.0000,0.2684,0.9000,0.1000,2.0000
1000.0000,73.0000,1.0000,1.0000,1.0000,4.0000
250.0000,79.0000,1.0000,1.0000,1.0000,4.0000
500.0000,77.0000,0.2105,1.0000,0.0000,1.0000
100.0000,72.0000,0.8684,1.0000,0.8333,3.0000
1000.0000,53.0000,1.0000,1.0000,1.0000,4.0000
500.0000,9.0000,0.6053,1.0000,0.5000,2.0000
500.0000,88.0000,0.2105,1.0000,0.0000,1.0000
500.0000,71.0000,0.2105,1.0000,0.0000,1.0000
500.0000,61.0000,0.2105,1.0000,0.0000,1.0000
500.0000,49.0000,0.2105,1.0000,0.0000,1.0000
100.0000,24.0000,0.2105,1.0000,0.0000,1.0000
250.0000,61.0000,0.2105,1.0000,0.0000,1.0000
100.0000,99.0000,0.2105,1.0000,0.0000,1.0000
100.0000,61.0000,0.2105,1.0000,0.0000,1.0000
1000.0000,20.0000,0.2105,1.0000,0.0000,1.0000
500.0000,95.0000,0.2105,1.0000,0.0000,1.0000
100.0000,34.0000,0.2105,1.0000,0.0000,1.0000
250.0000,91.0000,0.5053,0.9000,0.4000,2.0000
100.0000,21.0000,0.2105,1.0000,0.0000,1.0000
500.0000,87.0000,0.2105,1.0000,0.0000,1.0000
250.0000,71.0000,1.0000,1.0000,1.0000,4.0000
1000.0000,62.0000,0.2105,1.0000,0.0000,1.0000
2000.0000,50.0000,1.0000,1.0000,1.0000,4.0000
2000.0000,59.0000,0.2105,1.0000,0.0000,1.0000
100.0000,39.0000,0.2105,1.0000,0.0000,1.0000
2000.0000,74.0000,1.0000,1.0000,1.0000,4.0000
500.0000,70.0000,0.2105,1.0000,0.0000,1.0000
100.0000,17.0000,0.2105,1.0000,0.0000,1.0000
500.0000,32.0000,0.2105,1.0000,0.0000,1.0000
100.0000,15.0000,0.2105,1.0000,0.0000,1.0000
100.0000,73.0000,0.3368,0.8500,0.2000,2.0000
500.0000,26.0000,0.2105,1.0000,0.0000,1.0000
500.0000,57.0000,0.6368,0.9000,0.5667,3.0000
100.0000,53.0000,0.2105,1.0000,0.0000,1.0000
250.0000,29.0000,0.2105,1.0000,0.0000,1.0000
500.0000,99.0000,0.2105,1.0000,0.0000,1.0000
1000.0000,34.0000,0.2105,1.0000,0.0000,1.0000
250.0000,74.0000,0.2105,1.0000,0.0000,1.0000
100.0000,19.0000,0.2105,1.0000,0.0000,1.0000
2000.0000,22.0000,0.2105,1.0000,0.0000,1.0000
